hora_brasilia,numero,nome,pct_validos
17:00,22,Bolsonaro,42.7
17:00,13,Lula,57.3
17:01,22,Bolsonaro,42.7
17:01,13,Lula,57.3
17:02,22,Bolsonaro,42.77
17:02,13,Lula,57.23
17:03,22,Bolsonaro,42.93
17:03,13,Lula,57.07
17:04,22,Bolsonaro,43.64
17:04,13,Lula,56.36
17:05,22,Bolsonaro,46.1
17:05,13,Lula,53.9
17:07,22,Bolsonaro,49.63
17:07,13,Lula,50.37
17:08,22,Bolsonaro,52.64
17:08,13,Lula,47.36
17:09,22,Bolsonaro,54.78
17:09,13,Lula,45.22
17:10,22,Bolsonaro,55.58
17:10,13,Lula,44.42
17:11,22,Bolsonaro,55.78
17:11,13,Lula,44.22
17:12,22,Bolsonaro,56.11
17:12,13,Lula,43.89
17:13,22,Bolsonaro,56.47
17:13,13,Lula,43.53
17:14,22,Bolsonaro,56.68
17:14,13,Lula,43.32
17:15,22,Bolsonaro,56.51
17:15,13,Lula,43.49
17:16,22,Bolsonaro,56.71
17:16,13,Lula,43.29
17:17,22,Bolsonaro,56.64
17:17,13,Lula,43.36
17:18,22,Bolsonaro,56.41
17:18,13,Lula,43.59
17:19,22,Bolsonaro,55.82
17:19,13,Lula,44.18
17:20,22,Bolsonaro,55.39
17:20,13,Lula,44.61
17:22,22,Bolsonaro,54.94
17:22,13,Lula,45.06
17:23,22,Bolsonaro,54.04
17:23,13,Lula,45.96
17:24,22,Bolsonaro,53.89
17:24,13,Lula,46.11
17:25,22,Bolsonaro,53.57
17:25,13,Lula,46.43
17:26,22,Bolsonaro,53.23
17:26,13,Lula,46.77
17:27,22,Bolsonaro,52.93
17:27,13,Lula,47.07
17:28,22,Bolsonaro,52.71
17:28,13,Lula,47.29
17:29,22,Bolsonaro,52.57
17:29,13,Lula,47.43
17:30,22,Bolsonaro,52.39
17:30,13,Lula,47.61
17:31,22,Bolsonaro,52.22
17:31,13,Lula,47.78
17:32,22,Bolsonaro,52.09
17:32,13,Lula,47.91
17:33,22,Bolsonaro,52.05
17:33,13,Lula,47.95
17:34,22,Bolsonaro,52.02
17:34,13,Lula,47.98
17:35,22,Bolsonaro,51.96
17:35,13,Lula,48.04
17:36,22,Bolsonaro,51.86
17:36,13,Lula,48.14
17:37,22,Bolsonaro,51.82
17:37,13,Lula,48.18
17:38,22,Bolsonaro,51.77
17:38,13,Lula,48.23
17:40,22,Bolsonaro,51.74
17:40,13,Lula,48.26
17:41,22,Bolsonaro,51.69
17:41,13,Lula,48.31
17:42,22,Bolsonaro,51.68
17:42,13,Lula,48.32
17:43,22,Bolsonaro,51.69
17:43,13,Lula,48.31
17:44,22,Bolsonaro,51.64
17:44,13,Lula,48.36
17:45,22,Bolsonaro,51.63
17:45,13,Lula,48.37
17:46,22,Bolsonaro,51.63
17:46,13,Lula,48.37
17:47,22,Bolsonaro,51.57
17:47,13,Lula,48.43
17:48,22,Bolsonaro,51.57
17:48,13,Lula,48.43
17:49,22,Bolsonaro,51.48
17:49,13,Lula,48.52
17:50,22,Bolsonaro,51.48
17:50,13,Lula,48.52
17:51,22,Bolsonaro,51.43
17:51,13,Lula,48.57
17:52,22,Bolsonaro,51.36
17:52,13,Lula,48.64
17:53,22,Bolsonaro,51.3
17:53,13,Lula,48.7
17:54,22,Bolsonaro,51.27
17:54,13,Lula,48.73
17:56,22,Bolsonaro,51.26
17:56,13,Lula,48.74
17:57,22,Bolsonaro,51.23
17:57,13,Lula,48.77
17:58,22,Bolsonaro,51.17
17:58,13,Lula,48.83
17:59,22,Bolsonaro,51.13
17:59,13,Lula,48.87
18:00,22,Bolsonaro,51.1
18:00,13,Lula,48.9
18:01,22,Bolsonaro,51.06
18:01,13,Lula,48.94
18:02,22,Bolsonaro,51.06
18:02,13,Lula,48.94
18:03,22,Bolsonaro,51.04
18:03,13,Lula,48.96
18:04,22,Bolsonaro,50.99
18:04,13,Lula,49.01
18:05,22,Bolsonaro,50.91
18:05,13,Lula,49.09
18:06,22,Bolsonaro,50.88
18:06,13,Lula,49.12
18:07,22,Bolsonaro,50.86
18:07,13,Lula,49.14
18:09,22,Bolsonaro,50.84
18:09,13,Lula,49.16
18:10,22,Bolsonaro,50.81
18:10,13,Lula,49.19
18:11,22,Bolsonaro,50.78
18:11,13,Lula,49.22
18:12,22,Bolsonaro,50.75
18:12,13,Lula,49.25
18:13,22,Bolsonaro,50.73
18:13,13,Lula,49.27
18:14,22,Bolsonaro,50.7
18:14,13,Lula,49.3
18:15,22,Bolsonaro,50.66
18:15,13,Lula,49.34
18:16,22,Bolsonaro,50.64
18:16,13,Lula,49.36
18:17,22,Bolsonaro,50.61
18:17,13,Lula,49.39
18:18,22,Bolsonaro,50.58
18:18,13,Lula,49.42
18:19,22,Bolsonaro,50.54
18:19,13,Lula,49.46
18:20,22,Bolsonaro,50.51
18:20,13,Lula,49.49
18:22,22,Bolsonaro,50.47
18:22,13,Lula,49.53
18:23,22,Bolsonaro,50.43
18:23,13,Lula,49.57
18:24,22,Bolsonaro,50.39
18:24,13,Lula,49.61
18:25,22,Bolsonaro,50.35
18:25,13,Lula,49.65
18:26,22,Bolsonaro,50.31
18:26,13,Lula,49.69
18:27,22,Bolsonaro,50.3
18:27,13,Lula,49.7
18:28,22,Bolsonaro,50.26
18:28,13,Lula,49.74
18:29,22,Bolsonaro,50.23
18:29,13,Lula,49.77
18:30,22,Bolsonaro,50.2
18:30,13,Lula,49.8
18:31,22,Bolsonaro,50.19
18:31,13,Lula,49.81
18:33,22,Bolsonaro,50.18
18:33,13,Lula,49.82
18:34,22,Bolsonaro,50.15
18:34,13,Lula,49.85
18:35,22,Bolsonaro,50.12
18:35,13,Lula,49.88
18:36,22,Bolsonaro,50.12
18:36,13,Lula,49.88
18:37,22,Bolsonaro,50.1
18:37,13,Lula,49.9
18:38,22,Bolsonaro,50.08
18:38,13,Lula,49.92
18:39,22,Bolsonaro,50.08
18:39,13,Lula,49.92
18:40,22,Bolsonaro,50.06
18:40,13,Lula,49.94
18:41,22,Bolsonaro,50.03
18:41,13,Lula,49.97
18:43,22,Bolsonaro,50.01
18:43,13,Lula,49.99
18:44,22,Bolsonaro,49.99
18:44,13,Lula,50.01
18:45,22,Bolsonaro,49.98
18:45,13,Lula,50.02
18:46,22,Bolsonaro,49.96
18:46,13,Lula,50.04
18:47,22,Bolsonaro,49.93
18:47,13,Lula,50.07
18:48,22,Bolsonaro,49.9
18:48,13,Lula,50.1
18:49,22,Bolsonaro,49.87
18:49,13,Lula,50.13
18:50,22,Bolsonaro,49.85
18:50,13,Lula,50.15
18:51,22,Bolsonaro,49.82
18:51,13,Lula,50.18
18:53,22,Bolsonaro,49.79
18:53,13,Lula,50.21
18:54,22,Bolsonaro,49.77
18:54,13,Lula,50.23
18:55,22,Bolsonaro,49.75
18:55,13,Lula,50.25
18:56,22,Bolsonaro,49.71
18:56,13,Lula,50.29
18:57,22,Bolsonaro,49.68
18:57,13,Lula,50.32
18:58,22,Bolsonaro,49.65
18:58,13,Lula,50.35
18:59,22,Bolsonaro,49.64
18:59,13,Lula,50.36
19:00,22,Bolsonaro,49.6
19:00,13,Lula,50.4
19:01,22,Bolsonaro,49.59
19:01,13,Lula,50.41
19:03,22,Bolsonaro,49.57
19:03,13,Lula,50.43
19:04,22,Bolsonaro,49.54
19:04,13,Lula,50.46
19:05,22,Bolsonaro,49.52
19:05,13,Lula,50.48
19:06,22,Bolsonaro,49.5
19:06,13,Lula,50.5
19:07,22,Bolsonaro,49.49
19:07,13,Lula,50.51
19:08,22,Bolsonaro,49.48
19:08,13,Lula,50.52
19:09,22,Bolsonaro,49.47
19:09,13,Lula,50.53
19:10,22,Bolsonaro,49.46
19:10,13,Lula,50.54
19:11,22,Bolsonaro,49.44
19:11,13,Lula,50.56
19:12,22,Bolsonaro,49.43
19:12,13,Lula,50.57
19:14,22,Bolsonaro,49.42
19:14,13,Lula,50.58
19:15,22,Bolsonaro,49.41
19:15,13,Lula,50.59
19:16,22,Bolsonaro,49.4
19:16,13,Lula,50.6
19:17,22,Bolsonaro,49.39
19:17,13,Lula,50.61
19:18,22,Bolsonaro,49.38
19:18,13,Lula,50.62
19:19,22,Bolsonaro,49.38
19:19,13,Lula,50.62
19:20,22,Bolsonaro,49.37
19:20,13,Lula,50.63
19:21,22,Bolsonaro,49.36
19:21,13,Lula,50.64
19:22,22,Bolsonaro,49.35
19:22,13,Lula,50.65
19:23,22,Bolsonaro,49.34
19:23,13,Lula,50.66
19:24,22,Bolsonaro,49.34
19:24,13,Lula,50.66
19:26,22,Bolsonaro,49.32
19:26,13,Lula,50.68
19:27,22,Bolsonaro,49.29
19:27,13,Lula,50.71
19:28,22,Bolsonaro,49.29
19:28,13,Lula,50.71
19:29,22,Bolsonaro,49.29
19:29,13,Lula,50.71
19:30,22,Bolsonaro,49.28
19:30,13,Lula,50.72
19:31,22,Bolsonaro,49.28
19:31,13,Lula,50.72
19:32,22,Bolsonaro,49.27
19:32,13,Lula,50.73
19:33,22,Bolsonaro,49.27
19:33,13,Lula,50.73
19:34,22,Bolsonaro,49.27
19:34,13,Lula,50.73
19:35,22,Bolsonaro,49.26
19:35,13,Lula,50.74
19:36,22,Bolsonaro,49.25
19:36,13,Lula,50.75
19:37,22,Bolsonaro,49.25
19:37,13,Lula,50.75
19:39,22,Bolsonaro,49.24
19:39,13,Lula,50.76
19:40,22,Bolsonaro,49.24
19:40,13,Lula,50.76
19:41,22,Bolsonaro,49.23
19:41,13,Lula,50.77
19:42,22,Bolsonaro,49.23
19:42,13,Lula,50.77
19:43,22,Bolsonaro,49.22
19:43,13,Lula,50.78
19:44,22,Bolsonaro,49.21
19:44,13,Lula,50.79
19:45,22,Bolsonaro,49.21
19:45,13,Lula,50.79
19:46,22,Bolsonaro,49.2
19:46,13,Lula,50.8
19:47,22,Bolsonaro,49.2
19:47,13,Lula,50.8
19:48,22,Bolsonaro,49.2
19:48,13,Lula,50.8
19:49,22,Bolsonaro,49.19
19:49,13,Lula,50.81
19:51,22,Bolsonaro,49.19
19:51,13,Lula,50.81
19:52,22,Bolsonaro,49.18
19:52,13,Lula,50.82
19:53,22,Bolsonaro,49.18
19:53,13,Lula,50.82
19:54,22,Bolsonaro,49.18
19:54,13,Lula,50.82
19:55,22,Bolsonaro,49.18
19:55,13,Lula,50.82
19:56,22,Bolsonaro,49.17
19:56,13,Lula,50.83
19:57,22,Bolsonaro,49.17
19:57,13,Lula,50.83
19:58,22,Bolsonaro,49.17
19:58,13,Lula,50.83
19:59,22,Bolsonaro,49.17
19:59,13,Lula,50.83
20:00,22,Bolsonaro,49.16
20:00,13,Lula,50.84
20:01,22,Bolsonaro,49.16
20:01,13,Lula,50.84
20:02,22,Bolsonaro,49.16
20:02,13,Lula,50.84
20:04,22,Bolsonaro,49.16
20:04,13,Lula,50.84
20:05,22,Bolsonaro,49.15
20:05,13,Lula,50.85
20:06,22,Bolsonaro,49.15
20:06,13,Lula,50.85
20:07,22,Bolsonaro,49.15
20:07,13,Lula,50.85
20:08,22,Bolsonaro,49.15
20:08,13,Lula,50.85
20:09,22,Bolsonaro,49.14
20:09,13,Lula,50.86
20:10,22,Bolsonaro,49.14
20:10,13,Lula,50.86
20:11,22,Bolsonaro,49.14
20:11,13,Lula,50.86
20:12,22,Bolsonaro,49.14
20:12,13,Lula,50.86
20:14,22,Bolsonaro,49.13
20:14,13,Lula,50.87
20:14,22,Bolsonaro,49.13
20:14,13,Lula,50.87
20:16,22,Bolsonaro,49.13
20:16,13,Lula,50.87
20:17,22,Bolsonaro,49.13
20:17,13,Lula,50.87
20:18,22,Bolsonaro,49.13
20:18,13,Lula,50.87
20:19,22,Bolsonaro,49.13
20:19,13,Lula,50.87
20:20,22,Bolsonaro,49.12
20:20,13,Lula,50.88
20:21,22,Bolsonaro,49.12
20:21,13,Lula,50.88
20:22,22,Bolsonaro,49.12
20:22,13,Lula,50.88
20:23,22,Bolsonaro,49.12
20:23,13,Lula,50.88
20:24,22,Bolsonaro,49.12
20:24,13,Lula,50.88
20:25,22,Bolsonaro,49.12
20:25,13,Lula,50.88
20:26,22,Bolsonaro,49.12
20:26,13,Lula,50.88
20:28,22,Bolsonaro,49.12
20:28,13,Lula,50.88
20:29,22,Bolsonaro,49.12
20:29,13,Lula,50.88
20:30,22,Bolsonaro,49.12
20:30,13,Lula,50.88
20:31,22,Bolsonaro,49.12
20:31,13,Lula,50.88
20:32,22,Bolsonaro,49.12
20:32,13,Lula,50.88
20:33,22,Bolsonaro,49.12
20:33,13,Lula,50.88
20:34,22,Bolsonaro,49.12
20:34,13,Lula,50.88
20:35,22,Bolsonaro,49.11
20:35,13,Lula,50.89
20:36,22,Bolsonaro,49.12
20:36,13,Lula,50.88
